merchant_id,/v1/orders,/v1/orders?count=1,/v1/orders?count=100,/v1/payment_links,/v1/payment_links/plink_RgtHem0hNy2QIq,/v1/payment_links/plink_RgtL6bT91jxtnj,/v1/payment_links/plink_RgtjURaawkshw5,/v1/payment_links/plink_RinjMKlGVssEVh,/v1/payments,/v1/payments/pay_RgQDHhRFM2d4RE,/v1/payments/pay_RgeD1n5TmxouCj,/v1/payments/pay_RghA6ercpY6t1x,/v1/payments/pay_RghmCyyTMf1CoK,/v1/payments/pay_Rgua7cBVqjnNzx,/v1/payments/pay_Rh5PdARBlXQ3Tz,/v1/payments/pay_Rh5Pqfk0iKDhmi,/v1/payments/pay_Rh5Q7kLQ36nIMI,/v1/payments/pay_Rh5jEMxIPpBEv5,/v1/payments/pay_Rh5jSz2Sw10S1B,/v1/payments/pay_Rh7cyIB8537chY,/v1/payments/pay_Rh7dEWL1ykJFWw,/v1/payments/pay_Rh7jdqmvltwshy,/v1/payments/pay_RhA9SqdqsRS5fM,/v1/payments/pay_RhQ3mCxDkSM3Tk,/v1/payments/pay_RhV1oOFuYEAGfo,/v1/payments/pay_RhaGK2jfJ0ltRP,/v1/payments/pay_RhaZV3RDVI067B,/v1/payments/pay_RhhrSqomKDrroD,/v1/payments/pay_RhsoILvwyOR32V,/v1/payments/pay_Rhtuc7wQHqPN4W,/v1/payments/pay_RhyreTZ9BO3s3y,/v1/payments/pay_Rhz1BF6V2qs2Rc,/v1/payments/pay_Ri0oQMxBGwDFnL,/v1/payments/pay_Ri1Y12L6qrd0hv,/v1/payments/pay_Ri3faxSXPHeMxO,/v1/payments/pay_Ri421aG1vMUf5C,/v1/payments/pay_RiEfiKbEwcBDEh,/v1/payments/pay_RiJdxyoghRwELb,/v1/payments/pay_RiK1dbNDLHZCN5,/v1/payments/pay_RiKDMcTm5mLjG4,/v1/payments/pay_RiORzw5R3UWvq0,/v1/payments/pay_RjAp25Qqz3kLb3,/v1/payments/pay_RjBI00nXPMhFhU,/v1/payments/pay_RjBJWte4UG6wl6,/v1/payments/pay_RjBKh4KawqRvW4,/v1/payments/pay_RjBLua9hAShUsr,/v1/payments/pay_RjGqfgArc7Klvw,/v1/payments?count=1
AIBQ21zsv6gzOz,0,0,0,0,0,0,0,0,0,0,1,0,0,1,0,0,0,0,0,0,0,0,0,1,0,0,0,1,0,0,0,0,0,0,0,0,1,0,0,0,0,0,0,0,0,0,0,0
DoppP0OTHyRgZG,0,1,0,0,0,0,0,0,0,0,0,0,0,0,0,0,0,0,0,0,0,0,0,0,0,0,0,0,0,0,0,0,0,0,0,0,0,0,0,0,0,0,0,0,0,0,0,0
FwMqjezoiKNMVB,0,0,0,21,0,0,0,0,0,0,0,0,0,0,0,0,0,0,0,0,0,0,0,0,0,0,0,0,0,0,0,0,0,0,0,0,0,0,0,0,0,0,0,0,0,0,0,0
NEHR5lEZolmnQP,0,1,0,24,0,0,0,0,0,0,0,0,0,0,0,0,0,0,0,0,0,0,0,0,0,0,0,0,0,0,0,0,0,0,0,0,0,0,0,0,0,0,0,0,0,0,0,0
O2lIZcXDxy5BV1,0,1,1171,0,0,0,0,0,0,0,0,0,0,0,0,0,0,0,0,0,0,0,0,0,0,0,0,0,0,0,0,0,0,0,0,0,0,0,0,0,0,0,0,0,0,0,0,0
R7y6hzBmuGk3yp,0,2,0,0,0,0,0,0,0,0,0,0,0,0,0,0,0,0,0,0,0,0,0,0,0,0,0,0,0,0,0,0,0,0,0,0,0,0,0,0,0,0,0,0,0,0,0,0
R8XvBNRzC6yNMu,0,0,0,3,1,1,1,0,0,0,0,0,0,0,0,0,0,0,0,0,0,0,0,0,0,0,0,0,0,0,0,0,0,0,0,0,0,0,0,0,0,0,0,0,0,0,0,0
RPOCTmyjL7Qd5E,0,0,0,24,0,0,0,0,0,0,0,0,0,0,0,0,0,0,0,0,0,0,0,0,0,0,0,0,0,0,0,0,0,0,0,0,0,0,0,0,0,0,0,0,0,0,0,0
RTgiZoZeb7LKai,0,7,0,2,0,0,0,0,0,0,0,0,0,0,0,0,0,0,0,0,0,0,0,0,0,0,0,0,0,0,0,0,0,0,0,0,0,0,0,0,0,0,0,0,0,0,0,0
Rem0tx9aZKmTIc,0,1,0,17,0,0,0,0,0,0,0,0,0,0,0,0,0,0,0,0,0,0,0,0,0,0,0,0,0,0,0,0,0,0,0,0,0,0,0,0,0,0,0,0,0,0,0,0
Unknown,14,69,0,255,0,0,0,1,4,26,0,52,52,0,12,2,5,13,14,5,10,10,14,0,37,55,13,0,19,16,2,2,4,5,4,15,0,3,4,4,35,3,2,2,2,2,2,2
